Year,Complex OFL,Complex ACL,OFL,ACL
2011,,,28.61,23.88
2012,,,28.61,23.88
2013,,,25.96,21.65
2014,,,25.96,21.65
2015,,69,10.64,9.71
2016,,69,10.33,9.43
2017,118.3939503,105,11.24,10.26
2018,118.5951503,105,11.59,10.58
2019,91,81,11.91,10.88
2020,92,82,12.24,11.18
2021,94.38767693,79,9.83,8.11
2022,93.43928573,77,9.86,8.06
2023,110,92,28.1272,24.5225
2024,109,91,27.6782,23.9049
